Transaction ID,Date,Customer ID,Gender,Age,Product Category,Quantity,Price per Unit,Total Amount
1,15-12-2023,CUST0001,Male,25,Groceries,1,100,100
2,03-08-2023,CUST0001,Male,28,Groceries,4,150,600
3,30-05-2023,CUST0001,Male,19,Home Decor,2,500,1000
4,11-07-2023,CUST0001,Female,38,Electronics,4,100,400
5,22-01-2023,CUST0001,Male,42,Electronics,3,150,450
6,19-06-2023,CUST0001,Female,45,Home Decor,4,500,2000
7,24-06-2023,CUST0002,Female,20,Groceries,3,250,750
8,25-11-2023,CUST0002,Male,35,Home Decor,1,200,200
9,14-01-2023,CUST0002,Female,26,Clothing,1,100,100
10,06-12-2023,CUST0002,Female,24,Home Decor,1,150,150
11,25-07-2023,CUST0002,Male,53,Clothing,4,200,800
12,02-01-2023,CUST0002,Female,23,Clothing,4,500,2000
13,10-07-2023,CUST0002,Female,43,Home Decor,2,100,200
14,27-09-2023,CUST0002,Male,32,Home Decor,1,500,500
15,27-07-2023,CUST0003,Male,35,Groceries,4,100,400
16,05-08-2023,CUST0003,Female,58,Groceries,3,250,750
17,06-03-2023,CUST0003,Male,24,Electronics,4,50,200
18,16-05-2023,CUST0003,Female,28,Beauty,1,150,150
19,16-10-2023,CUST0003,Male,22,Clothing,3,100,300
20,10-02-2023,CUST0003,Female,24,Electronics,4,200,800
21,02-02-2023,CUST0003,Female,40,Groceries,3,200,600
22,04-02-2023,CUST0004,Male,52,Groceries,3,500,1500
23,11-05-2023,CUST0004,Male,22,Clothing,3,500,1500
24,25-12-2023,CUST0004,Male,26,Clothing,2,200,400
25,28-06-2023,CUST0004,Male,49,Electronics,4,250,1000
26,06-04-2023,CUST0004,Female,47,Groceries,3,250,750
27,23-05-2023,CUST0004,Male,46,Home Decor,1,150,150
28,31-08-2023,CUST0004,Female,45,Clothing,2,250,500
29,03-03-2023,CUST0004,Male,23,Home Decor,4,200,800
30,06-12-2023,CUST0005,Female,28,Clothing,3,200,600
31,19-08-2023,CUST0005,Female,50,Electronics,1,150,150
32,01-05-2023,CUST0005,Female,30,Electronics,3,500,1500
33,17-05-2023,CUST0005,Female,54,Electronics,3,100,300
34,21-06-2023,CUST0005,Female,32,Beauty,2,50,100
35,29-06-2023,CUST0005,Male,29,Clothing,3,50,150
36,23-04-2023,CUST0006,Female,34,Beauty,1,100,100
37,10-05-2023,CUST0006,Female,40,Groceries,4,50,200
38,06-05-2023,CUST0006,Female,43,Home Decor,3,150,450
39,03-07-2023,CUST0006,Male,34,Groceries,4,100,400
40,17-07-2023,CUST0006,Female,28,Electronics,1,200,200
41,06-07-2023,CUST0006,Female,33,Groceries,3,200,600
42,09-09-2023,CUST0006,Male,53,Beauty,2,150,300
43,28-05-2023,CUST0007,Female,24,Home Decor,1,50,50
44,08-05-2023,CUST0007,Male,35,Electronics,3,200,600
45,31-05-2023,CUST0007,Male,47,Clothing,3,200,600
46,24-05-2023,CUST0007,Female,19,Electronics,4,500,2000
47,20-05-2023,CUST0007,Male,54,Beauty,3,50,150
48,09-04-2023,CUST0008,Male,33,Beauty,4,500,2000
49,30-04-2023,CUST0008,Male,41,Home Decor,3,50,150
50,14-04-2023,CUST0008,Female,52,Electronics,3,50,150
51,04-12-2023,CUST0009,Female,52,Groceries,1,200,200
52,10-06-2023,CUST0009,Female,50,Groceries,4,200,800
53,15-05-2023,CUST0009,Male,34,Electronics,4,200,800
54,22-01-2023,CUST0009,Female,47,Groceries,3,500,1500
55,21-09-2023,CUST0009,Male,44,Clothing,1,500,500
56,07-04-2023,CUST0009,Female,50,Groceries,4,250,1000
57,31-10-2023,CUST0009,Male,21,Beauty,4,50,200
58,21-06-2023,CUST0010,Female,47,Groceries,2,250,500
59,06-01-2023,CUST0010,Male,58,Groceries,4,250,1000
60,29-10-2023,CUST0010,Male,48,Beauty,4,50,200
61,10-07-2023,CUST0011,Male,38,Electronics,4,150,600
62,08-05-2023,CUST0011,Female,42,Clothing,3,500,1500
63,27-02-2023,CUST0011,Male,57,Clothing,4,500,2000
64,31-05-2023,CUST0011,Female,44,Clothing,2,100,200
65,30-09-2023,CUST0011,Female,50,Electronics,3,500,1500
66,25-06-2023,CUST0011,Male,46,Clothing,3,100,300
67,02-11-2023,CUST0012,Male,41,Groceries,4,100,400
68,09-11-2023,CUST0012,Female,37,Electronics,4,500,2000
69,22-05-2023,CUST0012,Female,40,Home Decor,2,100,200
70,15-10-2023,CUST0012,Male,39,Beauty,1,100,100
71,04-03-2023,CUST0012,Female,39,Clothing,2,500,1000
72,29-06-2023,CUST0013,Female,23,Beauty,4,250,1000
73,21-09-2023,CUST0013,Male,22,Home Decor,2,250,500
74,16-12-2023,CUST0013,Male,52,Home Decor,4,250,1000
75,04-05-2023,CUST0014,Female,47,Beauty,1,150,150
76,02-04-2023,CUST0014,Female,43,Groceries,2,250,500
77,14-11-2023,CUST0014,Male,26,Home Decor,1,50,50
78,27-02-2023,CUST0014,Female,18,Clothing,4,500,2000
79,17-02-2023,CUST0015,Male,57,Groceries,1,50,50
80,29-09-2023,CUST0015,Male,56,Groceries,2,250,500
81,04-09-2023,CUST0015,Male,29,Clothing,4,150,600
82,27-03-2023,CUST0015,Male,46,Home Decor,1,50,50
83,04-04-2023,CUST0015,Female,22,Home Decor,4,100,400
84,07-12-2023,CUST0015,Male,53,Electronics,2,500,1000
85,23-12-2023,CUST0015,Male,27,Groceries,4,100,400
86,29-06-2023,CUST0015,Male,27,Clothing,3,100,300
87,21-11-2023,CUST0016,Male,21,Clothing,1,200,200
88,09-06-2023,CUST0016,Male,37,Home Decor,2,150,300
89,02-02-2023,CUST0016,Male,54,Home Decor,3,50,150
90,17-06-2023,CUST0017,Female,46,Groceries,4,500,2000
91,10-09-2023,CUST0017,Male,52,Electronics,2,250,500
92,31-03-2023,CUST0017,Female,51,Beauty,1,200,200
93,24-04-2023,CUST0018,Male,28,Groceries,4,200,800
94,05-08-2023,CUST0018,Male,53,Clothing,1,50,50
95,11-07-2023,CUST0018,Male,52,Home Decor,2,50,100
96,06-04-2023,CUST0018,Female,40,Groceries,4,50,200
97,06-10-2023,CUST0019,Male,52,Electronics,2,50,100
98,03-03-2023,CUST0019,Female,42,Groceries,3,150,450
99,26-06-2023,CUST0019,Female,29,Groceries,1,150,150
100,17-03-2023,CUST0019,Male,24,Home Decor,2,200,400
101,05-12-2023,CUST0019,Female,33,Groceries,1,150,150
102,25-01-2023,CUST0019,Female,38,Home Decor,1,50,50
103,08-02-2023,CUST0019,Male,59,Clothing,3,500,1500
104,13-05-2023,CUST0020,Male,40,Groceries,3,150,450
105,26-05-2023,CUST0020,Male,29,Electronics,2,100,200
106,10-09-2023,CUST0020,Female,24,Groceries,4,100,400
107,10-10-2023,CUST0020,Female,19,Groceries,1,250,250
108,05-12-2023,CUST0021,Female,18,Home Decor,1,50,50
109,28-10-2023,CUST0021,Female,53,Home Decor,3,150,450
110,30-12-2023,CUST0021,Female,56,Beauty,2,100,200
111,19-01-2023,CUST0021,Male,20,Groceries,1,100,100
112,08-08-2023,CUST0021,Female,37,Home Decor,4,250,1000
113,27-12-2023,CUST0021,Male,18,Beauty,1,200,200
114,09-07-2023,CUST0021,Male,42,Electronics,2,250,500
115,14-05-2023,CUST0021,Female,49,Groceries,1,250,250
116,01-08-2023,CUST0022,Male,54,Home Decor,3,150,450
117,20-01-2023,CUST0022,Male,35,Electronics,1,500,500
118,23-05-2023,CUST0022,Male,18,Groceries,2,500,1000
119,16-09-2023,CUST0022,Female,40,Electronics,3,200,600
120,26-11-2023,CUST0022,Female,33,Home Decor,4,200,800
121,08-01-2023,CUST0022,Female,45,Home Decor,2,100,200
122,12-11-2023,CUST0022,Female,45,Home Decor,1,50,50
123,16-08-2023,CUST0022,Female,44,Electronics,1,50,50
124,31-07-2023,CUST0023,Male,45,Groceries,1,500,500
125,04-02-2023,CUST0023,Male,23,Clothing,3,250,750
126,30-10-2023,CUST0023,Male,19,Clothing,4,500,2000
127,30-08-2023,CUST0023,Male,22,Electronics,2,50,100
128,26-05-2023,CUST0023,Female,28,Groceries,2,50,100
129,08-12-2023,CUST0023,Male,44,Electronics,1,50,50
130,08-04-2023,CUST0023,Male,52,Electronics,1,500,500
131,16-07-2023,CUST0024,Male,22,Beauty,1,250,250
132,22-02-2023,CUST0024,Male,27,Clothing,3,50,150
133,26-03-2023,CUST0024,Female,26,Electronics,3,250,750
134,24-07-2023,CUST0024,Female,18,Electronics,4,100,400
135,14-12-2023,CUST0024,Male,25,Clothing,2,100,200
136,28-04-2023,CUST0024,Male,29,Electronics,2,200,400
137,10-08-2023,CUST0025,Male,34,Groceries,1,500,500
138,07-03-2023,CUST0025,Male,56,Home Decor,2,500,1000
139,02-11-2023,CUST0025,Female,35,Beauty,3,100,300
140,04-11-2023,CUST0025,Male,55,Electronics,4,200,800
141,30-01-2023,CUST0025,Male,59,Beauty,1,250,250
142,12-10-2023,CUST0025,Female,27,Electronics,2,50,100
143,06-12-2023,CUST0025,Female,22,Clothing,2,250,500
144,24-07-2023,CUST0026,Female,28,Beauty,3,50,150
145,31-05-2023,CUST0026,Male,33,Beauty,2,200,400
146,26-12-2023,CUST0026,Female,42,Beauty,4,150,600
147,04-06-2023,CUST0026,Male,49,Clothing,1,100,100
148,04-10-2023,CUST0027,Male,35,Home Decor,2,250,500
149,22-01-2023,CUST0027,Male,23,Electronics,1,50,50
150,12-01-2023,CUST0027,Female,51,Electronics,2,100,200
151,28-10-2023,CUST0027,Male,26,Clothing,1,50,50
152,02-08-2023,CUST0027,Male,47,Beauty,3,250,750
153,26-01-2023,CUST0028,Female,18,Electronics,3,250,750
154,29-06-2023,CUST0028,Male,39,Clothing,4,500,2000
155,04-08-2023,CUST0028,Female,43,Beauty,4,150,600
156,21-04-2023,CUST0029,Male,35,Clothing,2,150,300
157,15-01-2023,CUST0029,Female,42,Groceries,4,100,400
158,08-02-2023,CUST0029,Male,34,Clothing,2,200,400
159,25-01-2023,CUST0029,Male,30,Home Decor,1,200,200
160,08-03-2023,CUST0029,Male,35,Home Decor,3,500,1500
161,21-04-2023,CUST0030,Female,57,Electronics,4,150,600
162,11-02-2023,CUST0030,Male,54,Home Decor,2,100,200
163,11-11-2023,CUST0030,Male,23,Groceries,1,50,50
164,30-05-2023,CUST0030,Male,23,Home Decor,2,150,300
165,14-11-2023,CUST0031,Female,48,Electronics,3,150,450
166,31-08-2023,CUST0031,Male,57,Groceries,4,500,2000
167,18-11-2023,CUST0031,Female,45,Beauty,4,500,2000
168,28-04-2023,CUST0031,Male,47,Beauty,2,50,100
169,13-07-2023,CUST0031,Male,28,Clothing,3,250,750
170,27-10-2023,CUST0031,Male,23,Clothing,2,200,400
171,02-10-2023,CUST0031,Female,50,Home Decor,1,200,200
172,16-02-2023,CUST0031,Male,43,Groceries,2,150,300
173,29-11-2023,CUST0032,Male,20,Electronics,2,100,200
174,10-01-2023,CUST0032,Male,40,Clothing,4,100,400
175,13-01-2023,CUST0032,Female,19,Home Decor,1,250,250
176,25-11-2023,CUST0032,Male,26,Beauty,3,500,1500
177,04-04-2023,CUST0032,Male,22,Home Decor,4,100,400
178,30-11-2023,CUST0032,Male,28,Electronics,2,200,400
179,04-02-2023,CUST0033,Male,57,Home Decor,4,250,1000
180,24-11-2023,CUST0033,Male,58,Groceries,2,200,400
181,13-10-2023,CUST0033,Male,38,Groceries,1,150,150
182,19-03-2023,CUST0033,Female,21,Electronics,1,100,100
183,30-03-2023,CUST0033,Female,57,Beauty,1,500,500
184,23-01-2023,CUST0034,Male,32,Electronics,1,50,50
185,13-08-2023,CUST0034,Male,19,Groceries,4,150,600
186,08-02-2023,CUST0034,Male,23,Beauty,3,150,450
187,15-01-2023,CUST0035,Male,46,Electronics,4,500,2000
188,19-08-2023,CUST0035,Male,53,Groceries,2,50,100
189,07-04-2023,CUST0035,Male,54,Beauty,3,50,150
190,11-09-2023,CUST0035,Female,39,Clothing,2,250,500
191,26-11-2023,CUST0036,Male,55,Groceries,3,200,600
192,31-12-2023,CUST0036,Female,32,Groceries,4,250,1000
193,06-06-2023,CUST0036,Male,21,Home Decor,1,100,100
194,05-04-2023,CUST0036,Male,53,Home Decor,2,150,300
195,10-10-2023,CUST0036,Male,37,Beauty,2,100,200
196,14-05-2023,CUST0037,Female,40,Clothing,2,150,300
197,06-08-2023,CUST0037,Male,57,Clothing,1,50,50
198,21-04-2023,CUST0037,Female,29,Home Decor,4,200,800
199,13-05-2023,CUST0037,Female,54,Clothing,1,200,200
200,14-10-2023,CUST0037,Female,26,Beauty,1,500,500
201,23-10-2023,CUST0037,Male,39,Beauty,3,50,150
202,29-10-2023,CUST0037,Male,38,Clothing,2,200,400
203,01-07-2023,CUST0037,Male,18,Beauty,4,250,1000
204,05-11-2023,CUST0038,Male,27,Home Decor,1,250,250
205,03-06-2023,CUST0038,Male,52,Home Decor,1,100,100
206,16-03-2023,CUST0038,Female,19,Clothing,3,100,300
207,17-01-2023,CUST0039,Female,41,Electronics,3,200,600
208,17-07-2023,CUST0039,Male,41,Electronics,1,250,250
209,04-03-2023,CUST0039,Male,39,Clothing,4,100,400
210,18-02-2023,CUST0039,Male,34,Home Decor,1,50,50
211,28-05-2023,CUST0039,Female,39,Home Decor,3,250,750
212,23-11-2023,CUST0040,Male,49,Groceries,2,150,300
213,30-07-2023,CUST0040,Female,49,Groceries,1,250,250
214,13-10-2023,CUST0040,Female,57,Beauty,2,50,100
215,24-06-2023,CUST0041,Female,19,Home Decor,1,100,100
216,10-08-2023,CUST0041,Female,21,Electronics,4,250,1000
217,24-02-2023,CUST0041,Male,20,Clothing,2,150,300
218,11-06-2023,CUST0041,Female,50,Home Decor,4,100,400
219,15-12-2023,CUST0041,Female,18,Electronics,3,150,450
220,12-09-2023,CUST0041,Male,25,Electronics,3,250,750
221,08-03-2023,CUST0041,Male,50,Home Decor,3,100,300
222,18-10-2023,CUST0041,Female,41,Beauty,4,200,800
223,14-06-2023,CUST0042,Female,38,Clothing,3,100,300
224,20-09-2023,CUST0042,Male,40,Groceries,3,250,750
225,05-02-2023,CUST0042,Male,35,Clothing,1,250,250
226,11-01-2023,CUST0042,Female,19,Beauty,3,200,600
227,20-01-2023,CUST0042,Male,54,Electronics,2,250,500
228,21-12-2023,CUST0042,Female,39,Home Decor,4,50,200
229,07-06-2023,CUST0043,Female,40,Electronics,2,150,300
230,28-07-2023,CUST0043,Female,26,Clothing,1,50,50
231,25-12-2023,CUST0043,Male,39,Beauty,2,200,400
232,03-06-2023,CUST0043,Female,46,Groceries,2,250,500
233,22-11-2023,CUST0044,Female,38,Clothing,4,50,200
234,03-02-2023,CUST0044,Male,54,Electronics,2,100,200
235,17-03-2023,CUST0044,Male,59,Groceries,3,50,150
236,14-10-2023,CUST0044,Female,44,Clothing,4,250,1000
237,05-11-2023,CUST0044,Male,27,Groceries,1,100,100
238,09-07-2023,CUST0045,Female,19,Home Decor,2,150,300
239,12-07-2023,CUST0045,Male,53,Beauty,2,250,500
240,29-05-2023,CUST0045,Male,57,Beauty,4,200,800
241,23-04-2023,CUST0045,Male,56,Beauty,2,100,200
242,24-02-2023,CUST0045,Male,41,Groceries,4,50,200
243,07-09-2023,CUST0045,Female,37,Beauty,3,200,600
244,03-12-2023,CUST0045,Female,51,Electronics,2,100,200
245,14-03-2023,CUST0046,Male,57,Electronics,1,50,50
246,02-03-2023,CUST0046,Male,57,Clothing,1,150,150
247,11-05-2023,CUST0046,Female,54,Home Decor,4,150,600
248,12-04-2023,CUST0046,Female,29,Beauty,1,200,200
249,01-11-2023,CUST0046,Male,34,Clothing,1,50,50
250,30-10-2023,CUST0046,Female,33,Beauty,4,250,1000
251,22-03-2023,CUST0046,Male,54,Electronics,2,50,100
252,23-05-2023,CUST0047,Male,43,Electronics,1,100,100
253,16-02-2023,CUST0047,Female,27,Electronics,3,100,300
254,27-03-2023,CUST0047,Female,24,Groceries,3,50,150
255,25-06-2023,CUST0047,Female,40,Groceries,2,500,1000
256,13-04-2023,CUST0047,Male,31,Beauty,4,200,800
257,28-10-2023,CUST0047,Female,20,Groceries,3,100,300
258,08-02-2023,CUST0048,Male,21,Groceries,2,50,100
259,29-07-2023,CUST0048,Male,33,Groceries,2,200,400
260,07-11-2023,CUST0048,Male,59,Clothing,2,150,300
261,04-09-2023,CUST0048,Male,30,Clothing,4,150,600
262,08-02-2023,CUST0048,Female,46,Electronics,1,500,500
263,02-09-2023,CUST0048,Female,33,Home Decor,3,50,150
264,25-12-2023,CUST0049,Female,22,Electronics,2,50,100
265,03-01-2023,CUST0049,Male,31,Clothing,4,100,400
266,20-10-2023,CUST0049,Male,18,Groceries,2,50,100
267,01-11-2023,CUST0049,Male,41,Home Decor,4,150,600
268,20-10-2023,CUST0050,Male,54,Beauty,4,500,2000
269,22-10-2023,CUST0050,Female,41,Beauty,2,250,500
270,14-08-2023,CUST0050,Male,24,Home Decor,4,150,600
271,13-03-2023,CUST0050,Female,46,Groceries,3,250,750
272,26-11-2023,CUST0051,Male,51,Electronics,2,50,100
273,29-08-2023,CUST0051,Female,20,Groceries,1,500,500
274,16-02-2023,CUST0051,Male,26,Beauty,4,100,400
275,29-08-2023,CUST0051,Male,59,Beauty,2,100,200
276,03-03-2023,CUST0051,Male,41,Beauty,4,150,600
277,26-09-2023,CUST0051,Female,42,Electronics,4,500,2000
278,23-12-2023,CUST0051,Female,28,Electronics,4,150,600
279,03-05-2023,CUST0051,Female,46,Electronics,3,50,150
280,28-11-2023,CUST0052,Female,26,Electronics,1,150,150
281,14-08-2023,CUST0052,Female,32,Beauty,1,100,100
282,06-02-2023,CUST0052,Female,30,Home Decor,1,250,250
283,22-03-2023,CUST0052,Female,57,Groceries,4,500,2000
284,25-04-2023,CUST0053,Female,20,Clothing,4,150,600
285,25-08-2023,CUST0053,Male,23,Beauty,4,200,800
286,19-12-2023,CUST0053,Male,58,Groceries,3,250,750
287,11-12-2023,CUST0053,Male,59,Home Decor,3,150,450
288,07-07-2023,CUST0053,Male,22,Beauty,1,100,100
289,06-09-2023,CUST0053,Male,48,Clothing,2,150,300
290,07-06-2023,CUST0053,Male,48,Clothing,4,100,400
291,18-03-2023,CUST0054,Male,29,Clothing,4,250,1000
292,15-02-2023,CUST0054,Male,58,Electronics,4,100,400
293,07-07-2023,CUST0054,Female,41,Groceries,3,500,1500
294,15-03-2023,CUST0054,Male,49,Clothing,3,200,600
295,01-03-2023,CUST0054,Male,47,Groceries,1,500,500
296,15-07-2023,CUST0054,Female,49,Home Decor,2,200,400
297,07-08-2023,CUST0054,Female,34,Home Decor,2,50,100
298,12-07-2023,CUST0054,Female,43,Beauty,2,100,200
299,11-07-2023,CUST0055,Male,46,Home Decor,4,150,600
300,15-08-2023,CUST0055,Female,29,Groceries,3,50,150
301,14-05-2023,CUST0055,Male,32,Beauty,3,100,300
302,26-01-2023,CUST0055,Female,51,Groceries,4,50,200
303,09-04-2023,CUST0055,Male,58,Groceries,1,150,150
304,15-10-2023,CUST0055,Female,31,Home Decor,2,150,300
305,27-01-2023,CUST0055,Male,34,Home Decor,4,200,800
306,21-01-2023,CUST0055,Male,33,Groceries,3,200,600
307,27-05-2023,CUST0056,Male,22,Beauty,3,50,150
308,27-02-2023,CUST0056,Female,55,Clothing,1,150,150
309,16-11-2023,CUST0056,Male,42,Home Decor,2,200,400
310,27-07-2023,CUST0056,Male,25,Home Decor,2,50,100
311,25-05-2023,CUST0056,Male,25,Beauty,2,100,200
312,18-07-2023,CUST0056,Male,46,Home Decor,1,200,200
313,15-02-2023,CUST0056,Male,42,Electronics,2,200,400
314,06-12-2023,CUST0056,Female,26,Electronics,4,500,2000
315,27-04-2023,CUST0057,Female,41,Beauty,4,250,1000
316,28-07-2023,CUST0057,Female,38,Clothing,2,100,200
317,05-04-2023,CUST0057,Female,49,Beauty,1,50,50
318,16-10-2023,CUST0057,Female,55,Electronics,4,150,600
319,02-08-2023,CUST0057,Male,41,Electronics,1,200,200
320,15-02-2023,CUST0057,Female,32,Home Decor,4,50,200
321,21-07-2023,CUST0057,Female,49,Clothing,4,50,200
322,02-01-2023,CUST0057,Male,50,Electronics,1,500,500
323,18-03-2023,CUST0058,Female,43,Clothing,2,100,200
324,23-06-2023,CUST0058,Female,32,Clothing,2,200,400
325,01-11-2023,CUST0058,Female,28,Groceries,3,150,450
326,09-01-2023,CUST0059,Female,26,Electronics,2,200,400
327,21-09-2023,CUST0059,Female,45,Home Decor,2,150,300
328,07-01-2023,CUST0059,Male,37,Home Decor,2,100,200
329,22-01-2023,CUST0059,Female,20,Electronics,4,100,400
330,14-01-2023,CUST0059,Male,35,Home Decor,3,200,600
331,25-01-2023,CUST0059,Male,36,Home Decor,1,250,250
332,29-04-2023,CUST0059,Male,49,Beauty,4,100,400
333,30-07-2023,CUST0059,Female,54,Electronics,3,150,450
334,21-07-2023,CUST0060,Male,52,Groceries,1,500,500
335,26-07-2023,CUST0060,Male,24,Home Decor,1,500,500
336,01-08-2023,CUST0060,Male,41,Home Decor,1,200,200
337,08-08-2023,CUST0060,Female,37,Home Decor,4,100,400
338,26-06-2023,CUST0060,Male,49,Electronics,4,100,400
339,27-04-2023,CUST0060,Female,53,Clothing,3,100,300
340,19-09-2023,CUST0061,Male,59,Beauty,3,100,300
341,03-09-2023,CUST0061,Male,29,Beauty,1,100,100
342,09-02-2023,CUST0061,Male,32,Electronics,3,100,300
343,08-01-2023,CUST0061,Female,47,Clothing,4,500,2000
344,30-11-2023,CUST0061,Female,54,Groceries,2,250,500
345,10-02-2023,CUST0061,Female,31,Electronics,4,100,400
346,25-05-2023,CUST0062,Male,42,Electronics,4,100,400
347,12-06-2023,CUST0062,Male,22,Electronics,4,200,800
348,13-06-2023,CUST0062,Male,40,Beauty,2,150,300
349,28-04-2023,CUST0062,Female,33,Clothing,1,100,100
350,28-11-2023,CUST0062,Female,58,Electronics,1,200,200
351,21-09-2023,CUST0062,Male,29,Electronics,1,500,500
352,11-10-2023,CUST0062,Male,54,Groceries,4,250,1000
353,01-11-2023,CUST0062,Male,45,Home Decor,3,250,750
354,30-11-2023,CUST0063,Female,26,Groceries,4,100,400
355,12-10-2023,CUST0063,Male,52,Groceries,1,150,150
356,21-11-2023,CUST0063,Male,31,Home Decor,2,200,400
357,30-06-2023,CUST0063,Female,41,Beauty,3,500,1500
358,05-08-2023,CUST0063,Female,46,Electronics,3,150,450
359,27-06-2023,CUST0063,Male,55,Home Decor,3,500,1500
360,04-11-2023,CUST0064,Female,59,Home Decor,3,100,300
361,07-12-2023,CUST0064,Male,25,Groceries,4,500,2000
362,05-01-2023,CUST0064,Male,39,Clothing,1,100,100
363,24-04-2023,CUST0064,Female,34,Clothing,4,50,200
364,17-03-2023,CUST0064,Male,25,Electronics,2,200,400
365,16-10-2023,CUST0064,Male,36,Groceries,4,250,1000
366,27-12-2023,CUST0064,Female,45,Clothing,2,500,1000
367,10-06-2023,CUST0065,Male,42,Groceries,1,250,250
368,18-03-2023,CUST0065,Male,58,Beauty,4,100,400
369,12-04-2023,CUST0065,Female,21,Beauty,2,100,200
370,06-10-2023,CUST0066,Male,28,Electronics,4,500,2000
371,06-11-2023,CUST0066,Male,42,Groceries,3,50,150
372,17-03-2023,CUST0066,Female,24,Groceries,3,200,600
373,03-04-2023,CUST0066,Male,50,Electronics,4,50,200
374,12-04-2023,CUST0067,Female,28,Beauty,4,500,2000
375,26-11-2023,CUST0067,Female,26,Beauty,1,100,100
376,24-11-2023,CUST0067,Female,19,Home Decor,1,250,250
377,03-06-2023,CUST0067,Male,29,Groceries,2,250,500
378,27-10-2023,CUST0067,Female,32,Beauty,4,500,2000
379,30-12-2023,CUST0068,Male,38,Beauty,3,250,750
380,04-05-2023,CUST0068,Male,42,Home Decor,3,150,450
381,28-09-2023,CUST0068,Female,38,Groceries,2,150,300
382,17-10-2023,CUST0068,Female,21,Groceries,4,500,2000
383,27-01-2023,CUST0068,Male,45,Beauty,4,100,400
384,07-06-2023,CUST0068,Female,19,Electronics,1,200,200
385,31-03-2023,CUST0068,Male,47,Beauty,3,200,600
386,15-03-2023,CUST0068,Male,30,Electronics,2,250,500
387,05-02-2023,CUST0069,Female,21,Electronics,4,250,1000
388,28-12-2023,CUST0069,Male,30,Groceries,2,200,400
389,26-01-2023,CUST0069,Male,32,Clothing,4,100,400
390,01-05-2023,CUST0069,Male,59,Electronics,2,150,300
391,09-03-2023,CUST0070,Female,41,Beauty,4,200,800
392,16-06-2023,CUST0070,Female,42,Clothing,3,200,600
393,30-08-2023,CUST0070,Male,52,Home Decor,2,50,100
394,29-04-2023,CUST0070,Male,34,Groceries,3,150,450
395,09-06-2023,CUST0070,Male,27,Electronics,2,250,500
396,11-09-2023,CUST0070,Male,19,Beauty,3,250,750
397,26-05-2023,CUST0070,Male,59,Groceries,3,50,150
398,07-10-2023,CUST0071,Female,36,Home Decor,2,500,1000
399,11-02-2023,CUST0071,Female,56,Groceries,2,200,400
400,20-08-2023,CUST0071,Male,50,Home Decor,3,50,150
401,11-03-2023,CUST0072,Male,56,Home Decor,1,50,50
402,12-11-2023,CUST0072,Female,22,Home Decor,3,250,750
403,21-09-2023,CUST0072,Female,25,Clothing,3,500,1500
404,27-02-2023,CUST0073,Male,39,Clothing,3,200,600
405,15-09-2023,CUST0073,Female,34,Beauty,2,500,1000
406,26-04-2023,CUST0073,Female,39,Home Decor,2,200,400
407,29-11-2023,CUST0073,Male,48,Electronics,3,100,300
408,07-06-2023,CUST0073,Male,33,Home Decor,1,200,200
409,16-05-2023,CUST0073,Female,20,Groceries,3,200,600
410,14-04-2023,CUST0074,Female,22,Home Decor,4,200,800
411,17-11-2023,CUST0074,Male,47,Groceries,4,500,2000
412,19-08-2023,CUST0074,Female,50,Groceries,4,200,800
413,07-02-2023,CUST0074,Female,51,Groceries,2,200,400
414,31-05-2023,CUST0074,Female,19,Electronics,1,100,100
415,06-09-2023,CUST0075,Male,18,Beauty,3,200,600
416,09-07-2023,CUST0075,Male,43,Home Decor,2,500,1000
417,23-05-2023,CUST0075,Female,54,Home Decor,2,200,400
418,27-08-2023,CUST0075,Male,59,Clothing,1,150,150
419,07-06-2023,CUST0075,Female,59,Beauty,4,200,800
420,14-03-2023,CUST0076,Male,38,Beauty,2,150,300
421,10-05-2023,CUST0076,Male,35,Home Decor,2,100,200
422,25-01-2023,CUST0076,Female,42,Groceries,2,50,100
423,13-06-2023,CUST0076,Male,31,Electronics,2,500,1000
424,26-08-2023,CUST0076,Male,20,Beauty,1,500,500
425,25-01-2023,CUST0076,Male,51,Groceries,2,200,400
426,25-01-2023,CUST0076,Male,21,Groceries,4,200,800
427,15-10-2023,CUST0076,Female,49,Home Decor,1,500,500
428,26-05-2023,CUST0077,Male,23,Groceries,3,500,1500
429,10-05-2023,CUST0077,Female,40,Beauty,3,150,450
430,05-01-2023,CUST0077,Male,51,Clothing,1,100,100
431,24-09-2023,CUST0077,Female,48,Electronics,3,150,450
432,09-04-2023,CUST0077,Male,26,Home Decor,2,500,1000
433,20-09-2023,CUST0077,Female,33,Home Decor,1,200,200
434,13-04-2023,CUST0078,Female,34,Groceries,3,200,600
435,04-11-2023,CUST0078,Male,53,Home Decor,2,100,200
436,04-03-2023,CUST0078,Male,52,Beauty,4,500,2000
437,14-01-2023,CUST0078,Male,54,Groceries,2,250,500
438,02-07-2023,CUST0078,Female,44,Groceries,2,500,1000
439,20-03-2023,CUST0078,Male,27,Clothing,4,250,1000
440,13-01-2023,CUST0079,Male,43,Clothing,1,250,250
441,30-06-2023,CUST0079,Female,54,Groceries,4,200,800
442,07-07-2023,CUST0079,Male,38,Home Decor,4,250,1000
443,15-07-2023,CUST0080,Female,35,Beauty,1,250,250
444,11-02-2023,CUST0080,Male,59,Groceries,1,50,50
445,11-07-2023,CUST0080,Male,26,Electronics,1,100,100
446,01-03-2023,CUST0080,Female,46,Electronics,2,100,200
447,20-08-2023,CUST0081,Male,45,Beauty,3,100,300
448,21-09-2023,CUST0081,Male,39,Electronics,3,50,150
449,09-12-2023,CUST0081,Female,36,Groceries,4,200,800
450,28-03-2023,CUST0081,Male,25,Groceries,4,50,200
451,19-04-2023,CUST0082,Male,41,Beauty,4,50,200
452,13-05-2023,CUST0082,Female,38,Clothing,3,500,1500
453,16-08-2023,CUST0082,Male,32,Beauty,3,150,450
454,28-01-2023,CUST0082,Male,22,Groceries,2,500,1000
455,18-12-2023,CUST0082,Female,27,Home Decor,1,50,50
456,18-02-2023,CUST0083,Female,21,Electronics,1,50,50
457,29-04-2023,CUST0083,Female,27,Groceries,4,200,800
458,13-12-2023,CUST0083,Female,19,Groceries,1,200,200
459,11-01-2023,CUST0084,Female,32,Electronics,4,100,400
460,02-07-2023,CUST0084,Male,42,Beauty,2,200,400
461,24-04-2023,CUST0084,Female,47,Home Decor,1,200,200
462,15-10-2023,CUST0084,Male,38,Beauty,2,500,1000
463,25-09-2023,CUST0085,Male,35,Groceries,1,500,500
464,29-05-2023,CUST0085,Female,25,Home Decor,4,150,600
465,13-09-2023,CUST0085,Female,39,Beauty,1,500,500
466,12-10-2023,CUST0086,Male,35,Clothing,1,250,250
467,10-10-2023,CUST0086,Female,48,Beauty,3,200,600
468,05-10-2023,CUST0086,Male,54,Groceries,1,150,150
469,10-07-2023,CUST0086,Female,36,Groceries,2,200,400
470,08-10-2023,CUST0086,Female,54,Clothing,2,50,100
471,30-12-2023,CUST0086,Male,20,Electronics,4,150,600
472,20-12-2023,CUST0087,Male,42,Clothing,1,500,500
473,19-08-2023,CUST0087,Male,44,Clothing,1,250,250
474,27-03-2023,CUST0087,Female,43,Clothing,2,200,400
475,28-07-2023,CUST0087,Female,31,Electronics,2,250,500
476,20-01-2023,CUST0088,Male,33,Beauty,3,500,1500
477,08-11-2023,CUST0088,Male,54,Clothing,4,250,1000
478,12-05-2023,CUST0088,Female,27,Beauty,2,250,500
479,06-11-2023,CUST0089,Female,56,Groceries,2,500,1000
480,17-09-2023,CUST0089,Female,37,Electronics,3,200,600
481,09-08-2023,CUST0089,Female,20,Groceries,4,100,400
482,24-02-2023,CUST0089,Female,21,Clothing,2,100,200
483,08-06-2023,CUST0089,Female,36,Electronics,3,500,1500
484,30-07-2023,CUST0089,Female,41,Groceries,4,500,2000
485,10-11-2023,CUST0089,Female,48,Home Decor,4,150,600
486,22-06-2023,CUST0089,Female,47,Electronics,3,50,150
487,15-11-2023,CUST0090,Female,45,Beauty,3,150,450
488,09-11-2023,CUST0090,Female,50,Electronics,2,200,400
489,28-05-2023,CUST0090,Female,44,Home Decor,3,50,150
490,31-03-2023,CUST0090,Female,22,Electronics,4,250,1000
491,19-02-2023,CUST0091,Male,30,Beauty,1,500,500
492,11-09-2023,CUST0091,Female,23,Electronics,3,250,750
493,20-02-2023,CUST0091,Male,36,Clothing,3,500,1500
494,10-03-2023,CUST0091,Male,54,Home Decor,1,250,250
495,11-07-2023,CUST0092,Male,53,Clothing,4,500,2000
496,19-08-2023,CUST0092,Male,52,Electronics,4,50,200
497,10-04-2023,CUST0092,Female,58,Home Decor,4,200,800
498,26-02-2023,CUST0092,Male,37,Electronics,4,250,1000
499,30-12-2023,CUST0093,Female,47,Home Decor,3,150,450
500,08-08-2023,CUST0093,Female,27,Clothing,1,250,250
501,11-03-2023,CUST0093,Female,26,Groceries,4,150,600
502,25-03-2023,CUST0093,Female,38,Home Decor,2,50,100
503,07-01-2023,CUST0093,Female,32,Clothing,4,150,600
504,28-05-2023,CUST0093,Female,32,Groceries,2,100,200
505,22-05-2023,CUST0093,Male,54,Clothing,1,100,100
506,10-03-2023,CUST0093,Male,40,Clothing,1,50,50
507,11-12-2023,CUST0094,Male,29,Electronics,1,50,50
508,10-06-2023,CUST0094,Female,21,Clothing,1,500,500
509,16-10-2023,CUST0094,Male,41,Groceries,1,100,100
510,28-01-2023,CUST0094,Female,58,Electronics,1,100,100
511,17-07-2023,CUST0094,Female,18,Clothing,1,250,250
512,22-01-2023,CUST0095,Female,19,Clothing,2,150,300
513,05-05-2023,CUST0095,Male,39,Home Decor,4,500,2000
514,28-02-2023,CUST0095,Female,52,Beauty,3,50,150
515,01-02-2023,CUST0095,Male,38,Home Decor,2,200,400
516,02-08-2023,CUST0096,Male,57,Groceries,3,500,1500
517,26-04-2023,CUST0096,Female,31,Beauty,1,50,50
518,17-06-2023,CUST0096,Female,45,Clothing,1,100,100
519,05-09-2023,CUST0096,Female,20,Home Decor,1,100,100
520,15-08-2023,CUST0096,Female,56,Home Decor,3,50,150
521,27-06-2023,CUST0096,Male,36,Groceries,3,150,450
522,25-09-2023,CUST0096,Female,25,Home Decor,4,50,200
523,13-06-2023,CUST0096,Male,38,Electronics,3,500,1500
524,11-02-2023,CUST0097,Female,37,Home Decor,2,150,300
525,31-12-2023,CUST0097,Male,44,Clothing,3,500,1500
526,08-08-2023,CUST0097,Male,25,Groceries,4,200,800
527,25-06-2023,CUST0097,Male,54,Home Decor,2,500,1000
528,03-09-2023,CUST0098,Male,49,Electronics,4,150,600
529,29-10-2023,CUST0098,Male,33,Electronics,3,250,750
530,21-01-2023,CUST0098,Female,30,Clothing,4,200,800
531,12-04-2023,CUST0098,Female,48,Beauty,3,150,450
532,21-11-2023,CUST0098,Male,20,Electronics,4,50,200
533,03-06-2023,CUST0098,Female,22,Beauty,1,200,200
534,22-09-2023,CUST0098,Female,55,Clothing,2,150,300
535,01-03-2023,CUST0098,Female,28,Clothing,3,200,600
536,01-08-2023,CUST0099,Female,51,Beauty,4,200,800
537,13-10-2023,CUST0099,Female,38,Home Decor,4,100,400
538,09-07-2023,CUST0099,Male,38,Beauty,4,100,400
539,10-02-2023,CUST0099,Male,35,Clothing,3,50,150
540,06-10-2023,CUST0099,Female,39,Electronics,1,200,200
541,19-05-2023,CUST0099,Female,32,Beauty,3,50,150
542,29-09-2023,CUST0100,Female,19,Beauty,4,200,800
543,16-02-2023,CUST0100,Male,23,Electronics,4,200,800
544,01-01-2023,CUST0100,Female,40,Beauty,4,100,400
545,30-10-2023,CUST0100,Female,32,Groceries,3,50,150
546,27-04-2023,CUST0100,Male,31,Home Decor,4,50,200
547,08-02-2023,CUST0100,Male,52,Home Decor,1,100,100
548,13-08-2023,CUST0101,Female,44,Beauty,3,100,300
549,15-02-2023,CUST0101,Female,31,Home Decor,1,500,500
550,04-02-2023,CUST0101,Male,47,Beauty,4,50,200
551,08-10-2023,CUST0101,Female,41,Clothing,2,500,1000
552,24-03-2023,CUST0101,Female,20,Clothing,3,50,150
553,22-06-2023,CUST0102,Male,31,Electronics,3,200,600
554,01-05-2023,CUST0102,Female,36,Home Decor,2,500,1000
555,13-11-2023,CUST0102,Female,57,Electronics,2,50,100
556,16-11-2023,CUST0102,Male,42,Beauty,1,150,150
557,30-11-2023,CUST0102,Female,58,Home Decor,3,200,600
558,21-09-2023,CUST0102,Female,58,Groceries,2,500,1000
559,30-04-2023,CUST0103,Male,33,Groceries,2,50,100
560,07-06-2023,CUST0103,Female,52,Beauty,4,500,2000
561,19-02-2023,CUST0103,Male,38,Groceries,4,200,800
562,21-06-2023,CUST0104,Male,26,Groceries,1,200,200
563,04-02-2023,CUST0104,Male,51,Electronics,4,250,1000
564,09-12-2023,CUST0104,Male,57,Home Decor,2,200,400
565,23-06-2023,CUST0104,Male,32,Electronics,3,100,300
566,04-11-2023,CUST0104,Male,39,Groceries,3,500,1500
567,03-10-2023,CUST0104,Male,46,Beauty,4,200,800
568,28-01-2023,CUST0104,Female,39,Home Decor,1,150,150
569,13-07-2023,CUST0105,Female,51,Beauty,3,50,150
570,14-09-2023,CUST0105,Female,40,Electronics,2,50,100
571,02-03-2023,CUST0105,Female,23,Clothing,3,150,450
572,28-12-2023,CUST0105,Male,46,Groceries,1,150,150
573,22-05-2023,CUST0105,Male,37,Electronics,1,250,250
574,18-02-2023,CUST0105,Female,25,Beauty,4,200,800
575,19-12-2023,CUST0105,Female,56,Groceries,1,50,50
576,11-07-2023,CUST0105,Female,59,Beauty,2,500,1000
577,22-09-2023,CUST0106,Female,54,Electronics,1,50,50
578,10-12-2023,CUST0106,Male,56,Electronics,3,250,750
579,11-07-2023,CUST0106,Male,36,Beauty,1,500,500
580,01-01-2023,CUST0107,Female,36,Home Decor,4,250,1000
581,19-04-2023,CUST0107,Female,50,Groceries,2,200,400
582,07-09-2023,CUST0107,Male,25,Electronics,3,500,1500
583,09-12-2023,CUST0107,Female,40,Electronics,3,200,600
584,04-12-2023,CUST0107,Female,19,Home Decor,2,50,100
585,07-05-2023,CUST0107,Female,35,Groceries,3,200,600
586,25-03-2023,CUST0107,Male,50,Home Decor,2,150,300
587,15-09-2023,CUST0108,Male,46,Electronics,2,100,200
588,03-11-2023,CUST0108,Male,30,Clothing,2,100,200
589,20-02-2023,CUST0108,Female,26,Electronics,3,200,600
590,25-03-2023,CUST0109,Female,44,Groceries,2,250,500
591,15-06-2023,CUST0109,Male,33,Clothing,1,50,50
592,25-09-2023,CUST0109,Male,18,Groceries,3,100,300
593,23-12-2023,CUST0109,Male,48,Electronics,3,50,150
594,21-10-2023,CUST0109,Female,38,Beauty,2,200,400
595,14-03-2023,CUST0110,Male,55,Clothing,2,200,400
596,30-12-2023,CUST0110,Female,49,Beauty,3,200,600
597,21-06-2023,CUST0110,Male,58,Beauty,4,100,400
598,09-11-2023,CUST0110,Female,53,Home Decor,1,100,100
599,05-06-2023,CUST0110,Male,24,Home Decor,1,50,50
600,16-02-2023,CUST0111,Female,36,Groceries,2,200,400
601,06-05-2023,CUST0111,Male,55,Groceries,4,100,400
602,25-06-2023,CUST0111,Female,29,Electronics,3,200,600
603,31-12-2023,CUST0112,Female,22,Beauty,3,150,450
604,14-02-2023,CUST0112,Female,43,Beauty,2,500,1000
605,29-12-2023,CUST0112,Female,44,Clothing,3,100,300
606,11-11-2023,CUST0113,Male,32,Groceries,2,100,200
607,02-05-2023,CUST0113,Male,54,Clothing,4,250,1000
608,04-02-2023,CUST0113,Male,23,Home Decor,2,200,400
609,20-07-2023,CUST0113,Male,46,Groceries,3,500,1500
610,19-04-2023,CUST0113,Female,39,Home Decor,1,250,250
611,01-11-2023,CUST0113,Male,51,Groceries,2,250,500
612,09-12-2023,CUST0113,Male,20,Clothing,2,250,500
613,20-02-2023,CUST0113,Female,38,Home Decor,1,200,200
614,25-12-2023,CUST0114,Female,18,Home Decor,3,250,750
615,21-04-2023,CUST0114,Female,28,Home Decor,3,250,750
616,30-09-2023,CUST0114,Male,35,Electronics,4,100,400
617,02-10-2023,CUST0114,Male,56,Groceries,4,200,800
618,05-01-2023,CUST0114,Male,54,Home Decor,2,150,300
619,27-04-2023,CUST0115,Female,28,Groceries,3,200,600
620,03-09-2023,CUST0115,Male,28,Home Decor,1,50,50
621,03-07-2023,CUST0115,Female,58,Clothing,4,500,2000
622,17-01-2023,CUST0115,Male,36,Clothing,4,200,800
623,24-08-2023,CUST0115,Female,49,Clothing,4,500,2000
624,04-08-2023,CUST0116,Male,32,Beauty,3,50,150
625,30-08-2023,CUST0116,Male,31,Beauty,2,200,400
626,24-06-2023,CUST0116,Male,21,Groceries,3,50,150
627,24-11-2023,CUST0116,Female,34,Electronics,1,50,50
628,18-12-2023,CUST0116,Female,36,Beauty,3,250,750
629,08-07-2023,CUST0117,Male,33,Clothing,4,500,2000
630,15-12-2023,CUST0117,Female,20,Clothing,2,500,1000
631,04-10-2023,CUST0117,Female,29,Clothing,1,150,150
632,03-07-2023,CUST0117,Female,47,Beauty,3,100,300
633,21-09-2023,CUST0117,Female,57,Beauty,1,200,200
634,25-01-2023,CUST0117,Male,18,Groceries,1,250,250
635,07-07-2023,CUST0117,Female,26,Electronics,4,150,600
636,10-07-2023,CUST0118,Female,40,Electronics,2,500,1000
637,17-09-2023,CUST0118,Female,48,Beauty,3,150,450
638,07-07-2023,CUST0118,Male,49,Clothing,1,250,250
639,24-03-2023,CUST0118,Male,55,Clothing,4,50,200
640,22-08-2023,CUST0119,Female,33,Home Decor,2,100,200
641,13-01-2023,CUST0119,Female,48,Home Decor,2,150,300
642,03-08-2023,CUST0119,Female,44,Groceries,3,250,750
643,22-10-2023,CUST0119,Male,34,Electronics,2,250,500
644,21-01-2023,CUST0120,Male,36,Electronics,1,500,500
645,31-01-2023,CUST0120,Male,40,Clothing,2,200,400
646,23-02-2023,CUST0120,Female,37,Clothing,2,100,200
647,22-02-2023,CUST0120,Female,32,Home Decor,1,150,150
648,21-09-2023,CUST0120,Female,29,Clothing,2,100,200
649,07-05-2023,CUST0120,Male,58,Home Decor,1,50,50
650,29-08-2023,CUST0120,Female,46,Clothing,2,500,1000
651,28-07-2023,CUST0121,Male,41,Clothing,4,50,200
652,21-11-2023,CUST0121,Female,46,Home Decor,3,50,150
653,06-03-2023,CUST0121,Male,36,Electronics,3,100,300
654,10-04-2023,CUST0121,Female,32,Beauty,1,150,150
655,26-06-2023,CUST0121,Female,29,Beauty,1,50,50
656,05-07-2023,CUST0121,Male,43,Groceries,1,200,200
657,05-08-2023,CUST0121,Female,27,Groceries,1,150,150
658,13-01-2023,CUST0121,Male,50,Home Decor,3,50,150
659,08-10-2023,CUST0122,Female,26,Groceries,4,150,600
660,30-07-2023,CUST0122,Female,54,Clothing,1,250,250
661,31-10-2023,CUST0122,Male,45,Electronics,3,100,300
662,13-09-2023,CUST0122,Female,52,Home Decor,1,200,200
663,13-01-2023,CUST0122,Female,54,Groceries,4,100,400
664,16-01-2023,CUST0122,Male,26,Beauty,2,500,1000
665,10-04-2023,CUST0123,Male,40,Groceries,1,100,100
666,04-08-2023,CUST0123,Female,24,Home Decor,2,150,300
667,28-01-2023,CUST0123,Female,38,Home Decor,4,500,2000
668,06-03-2023,CUST0124,Female,38,Home Decor,3,150,450
669,13-01-2023,CUST0124,Male,27,Groceries,4,250,1000
670,15-03-2023,CUST0124,Female,30,Groceries,2,100,200
671,03-12-2023,CUST0124,Female,31,Clothing,3,50,150
672,21-04-2023,CUST0124,Female,34,Home Decor,2,200,400
673,24-01-2023,CUST0124,Male,42,Home Decor,2,200,400
674,12-12-2023,CUST0124,Female,18,Home Decor,3,200,600
675,29-09-2023,CUST0124,Male,34,Home Decor,2,200,400
676,30-06-2023,CUST0125,Female,47,Electronics,2,250,500
677,14-05-2023,CUST0125,Male,49,Groceries,1,50,50
678,24-02-2023,CUST0125,Female,24,Home Decor,1,500,500
679,12-01-2023,CUST0125,Female,33,Beauty,1,200,200
680,15-05-2023,CUST0125,Female,26,Beauty,4,50,200
681,14-02-2023,CUST0126,Female,21,Beauty,1,50,50
682,06-06-2023,CUST0126,Female,51,Home Decor,1,200,200
683,06-08-2023,CUST0126,Female,43,Electronics,3,250,750
684,27-11-2023,CUST0127,Male,49,Home Decor,2,50,100
685,17-01-2023,CUST0127,Male,43,Home Decor,3,100,300
686,26-01-2023,CUST0127,Male,27,Beauty,1,150,150
687,24-09-2023,CUST0127,Male,25,Home Decor,3,200,600
688,17-11-2023,CUST0127,Male,55,Home Decor,1,50,50
689,23-06-2023,CUST0127,Female,43,Electronics,2,250,500
690,04-11-2023,CUST0128,Male,28,Electronics,2,500,1000
691,14-08-2023,CUST0128,Male,49,Groceries,2,250,500
692,15-02-2023,CUST0128,Male,23,Clothing,2,100,200
693,29-10-2023,CUST0128,Male,48,Beauty,2,500,1000
694,03-04-2023,CUST0128,Female,50,Electronics,4,150,600
695,29-11-2023,CUST0128,Female,28,Home Decor,4,500,2000
696,29-09-2023,CUST0129,Female,52,Home Decor,4,150,600
697,31-03-2023,CUST0129,Female,29,Beauty,1,50,50
698,01-10-2023,CUST0129,Male,40,Clothing,2,500,1000
699,18-04-2023,CUST0130,Male,46,Beauty,1,100,100
700,30-09-2023,CUST0130,Male,33,Clothing,2,250,500
701,28-12-2023,CUST0130,Female,47,Home Decor,3,500,1500
702,17-11-2023,CUST0130,Male,56,Electronics,3,200,600
703,29-03-2023,CUST0130,Female,39,Groceries,2,200,400
704,17-05-2023,CUST0130,Male,27,Home Decor,1,200,200
705,12-09-2023,CUST0131,Male,38,Clothing,4,100,400
706,24-02-2023,CUST0131,Female,44,Groceries,3,50,150
707,15-12-2023,CUST0131,Male,30,Groceries,2,200,400
708,22-09-2023,CUST0131,Female,44,Clothing,3,50,150
709,09-06-2023,CUST0131,Male,46,Electronics,3,200,600
710,27-04-2023,CUST0131,Female,52,Beauty,1,150,150
711,25-07-2023,CUST0132,Male,35,Groceries,4,250,1000
712,30-06-2023,CUST0132,Male,35,Home Decor,1,100,100
713,14-09-2023,CUST0132,Female,43,Groceries,4,200,800
714,09-12-2023,CUST0132,Female,28,Electronics,1,250,250
715,12-07-2023,CUST0133,Male,39,Clothing,4,250,1000
716,09-08-2023,CUST0133,Female,22,Beauty,4,150,600
717,29-05-2023,CUST0133,Male,29,Clothing,3,150,450
718,19-04-2023,CUST0133,Female,24,Clothing,4,250,1000
719,12-05-2023,CUST0134,Male,59,Home Decor,3,100,300
720,26-04-2023,CUST0134,Male,46,Electronics,4,150,600
721,22-04-2023,CUST0134,Male,45,Electronics,3,200,600
722,28-09-2023,CUST0134,Male,54,Electronics,3,150,450
723,09-02-2023,CUST0134,Male,53,Clothing,1,100,100
724,04-01-2023,CUST0134,Male,51,Electronics,1,250,250
725,05-09-2023,CUST0134,Female,40,Groceries,1,500,500
726,14-11-2023,CUST0135,Male,23,Groceries,1,100,100
727,17-06-2023,CUST0135,Male,56,Groceries,1,200,200
728,03-01-2023,CUST0135,Female,39,Home Decor,4,200,800
729,07-02-2023,CUST0135,Male,53,Electronics,1,250,250
730,09-12-2023,CUST0135,Female,47,Groceries,1,150,150
731,25-07-2023,CUST0135,Male,53,Groceries,2,250,500
732,29-08-2023,CUST0135,Female,48,Clothing,2,150,300
733,12-09-2023,CUST0136,Female,26,Electronics,3,100,300
734,02-08-2023,CUST0136,Male,34,Home Decor,4,200,800
735,21-04-2023,CUST0136,Male,38,Groceries,2,50,100
736,17-11-2023,CUST0136,Male,42,Beauty,4,50,200
737,29-03-2023,CUST0137,Female,57,Beauty,2,50,100
738,16-06-2023,CUST0137,Male,34,Clothing,3,50,150
739,14-03-2023,CUST0137,Male,23,Home Decor,4,250,1000
740,03-12-2023,CUST0138,Male,29,Groceries,3,50,150
741,03-12-2023,CUST0138,Male,43,Home Decor,4,200,800
742,05-12-2023,CUST0138,Male,52,Clothing,1,500,500
743,11-06-2023,CUST0138,Male,21,Beauty,1,150,150
744,17-06-2023,CUST0138,Male,18,Groceries,3,500,1500
745,28-08-2023,CUST0139,Female,52,Beauty,4,150,600
746,12-02-2023,CUST0139,Female,42,Home Decor,3,200,600
747,31-05-2023,CUST0139,Female,39,Beauty,1,250,250
748,24-11-2023,CUST0139,Male,31,Beauty,2,150,300
749,28-06-2023,CUST0139,Female,33,Home Decor,1,50,50
750,12-01-2023,CUST0139,Female,28,Groceries,3,200,600
751,07-04-2023,CUST0139,Male,45,Groceries,2,150,300
752,14-11-2023,CUST0140,Female,58,Beauty,2,250,500
753,16-02-2023,CUST0140,Male,21,Electronics,1,200,200
754,01-07-2023,CUST0140,Male,32,Beauty,4,500,2000
755,05-09-2023,CUST0141,Female,46,Clothing,3,100,300
756,27-12-2023,CUST0141,Male,25,Clothing,2,250,500
757,21-07-2023,CUST0141,Male,19,Clothing,1,200,200
758,14-11-2023,CUST0141,Male,22,Clothing,2,200,400
759,07-08-2023,CUST0141,Male,29,Beauty,3,100,300
760,08-04-2023,CUST0141,Male,52,Clothing,4,100,400
761,15-06-2023,CUST0141,Female,43,Beauty,3,150,450
762,18-08-2023,CUST0142,Female,44,Electronics,2,200,400
763,18-04-2023,CUST0142,Male,37,Beauty,3,100,300
764,05-11-2023,CUST0142,Female,39,Beauty,2,150,300
765,23-09-2023,CUST0142,Male,50,Electronics,3,200,600
766,28-02-2023,CUST0142,Female,19,Groceries,4,50,200
767,24-03-2023,CUST0142,Female,42,Clothing,1,150,150
768,30-05-2023,CUST0142,Male,38,Beauty,4,500,2000
769,08-04-2023,CUST0143,Female,42,Groceries,4,50,200
770,28-10-2023,CUST0143,Female,24,Electronics,1,200,200
771,24-03-2023,CUST0143,Male,27,Home Decor,1,250,250
772,15-02-2023,CUST0143,Female,49,Electronics,2,100,200
773,10-10-2023,CUST0143,Female,52,Home Decor,3,250,750
774,07-05-2023,CUST0143,Male,45,Home Decor,1,150,150
775,05-09-2023,CUST0144,Female,34,Beauty,1,50,50
776,19-06-2023,CUST0144,Female,37,Groceries,4,50,200
777,02-09-2023,CUST0144,Male,49,Home Decor,3,50,150
778,10-03-2023,CUST0145,Male,51,Beauty,1,100,100
779,14-11-2023,CUST0145,Female,50,Beauty,4,100,400
780,04-04-2023,CUST0145,Female,27,Clothing,2,150,300
781,15-11-2023,CUST0146,Male,20,Clothing,2,50,100
782,01-04-2023,CUST0146,Female,25,Beauty,2,100,200
783,28-07-2023,CUST0146,Male,23,Beauty,1,50,50
784,11-10-2023,CUST0146,Male,54,Electronics,2,150,300
785,07-12-2023,CUST0146,Female,55,Clothing,4,200,800
786,24-04-2023,CUST0146,Female,54,Home Decor,2,100,200
787,19-05-2023,CUST0147,Female,30,Home Decor,2,250,500
788,29-12-2023,CUST0147,Female,41,Home Decor,4,50,200
789,07-11-2023,CUST0147,Male,31,Clothing,1,50,50
790,12-04-2023,CUST0147,Female,38,Groceries,1,50,50
791,21-07-2023,CUST0147,Female,38,Clothing,3,150,450
792,19-04-2023,CUST0147,Male,37,Beauty,3,200,600
793,10-03-2023,CUST0147,Male,21,Home Decor,4,150,600
794,08-11-2023,CUST0147,Female,40,Electronics,1,250,250
795,21-02-2023,CUST0148,Female,42,Groceries,3,500,1500
796,01-02-2023,CUST0148,Male,49,Groceries,4,500,2000
797,26-06-2023,CUST0148,Female,56,Electronics,1,250,250
798,13-11-2023,CUST0148,Male,23,Beauty,1,150,150
799,28-04-2023,CUST0149,Male,59,Electronics,4,150,600
800,09-11-2023,CUST0149,Male,39,Electronics,1,250,250
801,28-03-2023,CUST0149,Male,49,Home Decor,3,250,750
802,04-09-2023,CUST0149,Female,38,Clothing,1,500,500
803,18-04-2023,CUST0149,Female,47,Electronics,2,50,100
804,06-05-2023,CUST0149,Male,49,Clothing,3,500,1500
805,02-05-2023,CUST0149,Female,53,Clothing,1,100,100
806,28-01-2023,CUST0149,Male,31,Beauty,2,500,1000
807,01-06-2023,CUST0150,Female,26,Electronics,2,50,100
808,19-01-2023,CUST0150,Male,27,Clothing,1,250,250
809,20-12-2023,CUST0150,Male,30,Electronics,2,250,500
810,27-08-2023,CUST0150,Male,46,Clothing,1,250,250
811,21-11-2023,CUST0150,Female,20,Clothing,1,250,250
812,12-07-2023,CUST0150,Male,34,Beauty,1,150,150
813,26-07-2023,CUST0151,Male,49,Clothing,4,50,200
814,06-11-2023,CUST0151,Female,26,Electronics,1,50,50
815,27-03-2023,CUST0151,Female,58,Beauty,4,150,600
816,28-04-2023,CUST0151,Male,24,Groceries,3,150,450
817,28-09-2023,CUST0151,Male,28,Groceries,2,500,1000
818,26-02-2023,CUST0151,Female,35,Beauty,4,100,400
819,12-08-2023,CUST0151,Female,39,Home Decor,3,50,150
820,01-12-2023,CUST0152,Female,35,Clothing,1,250,250
821,01-12-2023,CUST0152,Female,46,Beauty,2,250,500
822,19-11-2023,CUST0152,Male,20,Beauty,3,500,1500
823,12-05-2023,CUST0152,Male,28,Clothing,3,150,450
824,06-04-2023,CUST0152,Male,47,Beauty,2,500,1000
825,13-09-2023,CUST0152,Male,26,Home Decor,3,200,600
826,13-11-2023,CUST0153,Female,32,Electronics,4,50,200
827,07-09-2023,CUST0153,Female,54,Groceries,2,100,200
828,28-07-2023,CUST0153,Male,54,Beauty,4,200,800
829,29-01-2023,CUST0153,Male,24,Home Decor,1,200,200
830,03-08-2023,CUST0154,Male,20,Groceries,4,100,400
831,19-10-2023,CUST0154,Female,54,Groceries,2,500,1000
832,28-11-2023,CUST0154,Female,30,Beauty,2,150,300
833,09-11-2023,CUST0154,Female,19,Home Decor,2,200,400
834,26-07-2023,CUST0154,Female,34,Clothing,2,100,200
835,12-12-2023,CUST0154,Male,35,Electronics,4,500,2000
836,21-10-2023,CUST0154,Male,20,Beauty,2,250,500
837,09-05-2023,CUST0154,Female,49,Home Decor,1,100,100
838,26-09-2023,CUST0155,Male,53,Clothing,3,250,750
839,26-07-2023,CUST0155,Female,49,Home Decor,2,250,500
840,06-12-2023,CUST0155,Female,50,Home Decor,4,50,200
841,14-06-2023,CUST0155,Male,39,Groceries,1,150,150
842,20-03-2023,CUST0155,Male,23,Electronics,4,500,2000
843,06-07-2023,CUST0155,Female,57,Groceries,3,250,750
844,18-08-2023,CUST0155,Female,19,Beauty,1,500,500
845,13-09-2023,CUST0155,Female,44,Home Decor,4,150,600
846,14-10-2023,CUST0156,Male,49,Groceries,2,150,300
847,31-12-2023,CUST0156,Male,52,Groceries,1,50,50
848,18-10-2023,CUST0156,Female,28,Beauty,1,150,150
849,31-10-2023,CUST0156,Male,52,Clothing,1,200,200
850,02-07-2023,CUST0156,Male,52,Beauty,4,250,1000
851,07-12-2023,CUST0156,Male,27,Beauty,1,200,200
852,02-03-2023,CUST0156,Male,36,Beauty,2,100,200
853,02-06-2023,CUST0157,Female,36,Beauty,2,100,200
854,02-07-2023,CUST0157,Female,22,Beauty,1,150,150
855,29-05-2023,CUST0157,Female,21,Electronics,2,200,400
856,15-06-2023,CUST0157,Male,31,Beauty,4,150,600
857,08-07-2023,CUST0157,Female,44,Clothing,4,150,600
858,04-10-2023,CUST0157,Female,22,Electronics,3,50,150
859,01-07-2023,CUST0157,Female,39,Beauty,1,200,200
860,23-05-2023,CUST0158,Female,29,Clothing,3,50,150
861,03-04-2023,CUST0158,Female,31,Clothing,4,100,400
862,22-04-2023,CUST0158,Male,32,Home Decor,4,500,2000
863,10-08-2023,CUST0159,Female,20,Home Decor,4,100,400
864,04-04-2023,CUST0159,Male,30,Clothing,1,50,50
865,18-08-2023,CUST0159,Female,53,Clothing,3,200,600
866,26-10-2023,CUST0159,Female,37,Groceries,4,100,400
867,28-07-2023,CUST0159,Female,37,Home Decor,3,500,1500
868,14-11-2023,CUST0159,Male,24,Groceries,3,150,450
869,03-08-2023,CUST0160,Female,26,Beauty,3,200,600
870,20-10-2023,CUST0160,Female,34,Electronics,4,250,1000
871,10-08-2023,CUST0160,Female,37,Home Decor,3,250,750
872,29-04-2023,CUST0160,Female,34,Clothing,2,250,500
873,11-01-2023,CUST0160,Female,24,Home Decor,2,100,200
874,08-09-2023,CUST0160,Female,55,Clothing,4,200,800
875,28-09-2023,CUST0160,Male,37,Beauty,1,500,500
876,23-10-2023,CUST0161,Female,57,Home Decor,4,150,600
877,20-04-2023,CUST0161,Female,25,Groceries,2,200,400
878,18-05-2023,CUST0161,Male,45,Electronics,4,250,1000
879,05-02-2023,CUST0162,Male,43,Home Decor,3,100,300
880,15-06-2023,CUST0162,Male,41,Clothing,3,150,450
881,29-10-2023,CUST0162,Female,22,Clothing,4,500,2000
882,21-12-2023,CUST0162,Female,40,Electronics,1,100,100
883,09-11-2023,CUST0162,Male,59,Groceries,4,100,400
884,22-09-2023,CUST0162,Female,30,Electronics,4,100,400
885,16-04-2023,CUST0162,Male,32,Groceries,1,50,50
886,06-08-2023,CUST0163,Male,38,Clothing,1,50,50
887,28-11-2023,CUST0163,Female,55,Beauty,4,50,200
888,15-08-2023,CUST0163,Female,35,Home Decor,3,50,150
889,12-08-2023,CUST0163,Female,57,Groceries,1,50,50
890,17-08-2023,CUST0163,Female,36,Groceries,1,200,200
891,12-12-2023,CUST0163,Female,48,Home Decor,4,50,200
892,09-06-2023,CUST0164,Male,55,Home Decor,1,500,500
893,11-05-2023,CUST0164,Male,51,Groceries,2,500,1000
894,04-07-2023,CUST0164,Female,31,Beauty,2,150,300
895,13-09-2023,CUST0164,Male,29,Electronics,3,250,750
896,12-09-2023,CUST0164,Male,42,Electronics,3,500,1500
897,01-08-2023,CUST0164,Female,37,Home Decor,1,250,250
898,07-05-2023,CUST0164,Female,37,Home Decor,1,50,50
899,30-09-2023,CUST0165,Female,25,Clothing,3,250,750
900,06-10-2023,CUST0165,Female,25,Beauty,2,150,300
901,26-09-2023,CUST0165,Male,54,Electronics,4,50,200
902,08-07-2023,CUST0165,Female,19,Clothing,3,50,150
903,13-10-2023,CUST0165,Male,30,Clothing,1,500,500
904,04-04-2023,CUST0165,Female,30,Beauty,1,500,500
905,29-05-2023,CUST0165,Female,34,Beauty,4,50,200
906,29-06-2023,CUST0165,Female,48,Groceries,3,200,600
907,09-11-2023,CUST0166,Female,26,Electronics,4,150,600
908,27-11-2023,CUST0166,Female,33,Electronics,4,200,800
909,25-08-2023,CUST0166,Female,25,Beauty,2,200,400
910,17-11-2023,CUST0166,Male,57,Clothing,2,150,300
911,19-05-2023,CUST0166,Male,48,Electronics,1,100,100
912,09-08-2023,CUST0166,Male,38,Clothing,2,250,500
913,11-07-2023,CUST0166,Male,25,Electronics,1,150,150
914,19-05-2023,CUST0166,Female,38,Beauty,2,150,300
915,30-09-2023,CUST0167,Female,36,Home Decor,2,500,1000
916,29-04-2023,CUST0167,Male,21,Clothing,1,150,150
917,13-06-2023,CUST0167,Female,30,Home Decor,2,50,100
918,15-04-2023,CUST0167,Female,36,Clothing,4,150,600
919,26-08-2023,CUST0167,Female,45,Electronics,2,100,200
920,31-10-2023,CUST0167,Female,50,Home Decor,4,100,400
921,17-05-2023,CUST0168,Male,33,Home Decor,3,500,1500
922,25-08-2023,CUST0168,Male,51,Beauty,2,500,1000
923,28-04-2023,CUST0168,Female,26,Clothing,4,100,400
924,30-07-2023,CUST0168,Male,41,Groceries,3,100,300
925,10-10-2023,CUST0168,Female,32,Beauty,4,50,200
926,30-06-2023,CUST0168,Female,43,Clothing,3,100,300
927,20-05-2023,CUST0169,Male,21,Electronics,2,50,100
928,07-03-2023,CUST0169,Female,20,Clothing,1,50,50
929,06-12-2023,CUST0169,Male,39,Groceries,2,250,500
930,21-10-2023,CUST0169,Male,32,Clothing,2,500,1000
931,29-10-2023,CUST0169,Male,38,Electronics,2,250,500
932,11-03-2023,CUST0169,Male,40,Home Decor,3,100,300
933,15-08-2023,CUST0170,Female,57,Beauty,4,100,400
934,18-05-2023,CUST0170,Male,25,Beauty,1,250,250
935,25-08-2023,CUST0170,Male,54,Beauty,1,500,500
936,15-12-2023,CUST0170,Male,26,Beauty,4,100,400
937,26-12-2023,CUST0170,Female,47,Beauty,4,200,800
938,28-11-2023,CUST0170,Male,43,Groceries,3,250,750
939,08-08-2023,CUST0170,Female,47,Electronics,3,100,300
940,03-07-2023,CUST0171,Male,51,Home Decor,1,200,200
941,05-10-2023,CUST0171,Female,54,Electronics,1,50,50
942,10-07-2023,CUST0171,Female,59,Groceries,3,50,150
943,22-01-2023,CUST0171,Female,52,Groceries,4,500,2000
944,24-06-2023,CUST0171,Male,34,Clothing,1,50,50
945,15-06-2023,CUST0171,Male,31,Groceries,2,150,300
946,14-01-2023,CUST0171,Male,25,Groceries,3,500,1500
947,10-10-2023,CUST0172,Male,48,Groceries,4,150,600
948,01-03-2023,CUST0172,Female,22,Clothing,1,50,50
949,26-01-2023,CUST0172,Male,22,Clothing,4,500,2000
950,17-07-2023,CUST0172,Male,35,Home Decor,1,50,50
951,14-01-2023,CUST0172,Female,30,Home Decor,3,150,450
952,04-03-2023,CUST0172,Male,52,Electronics,3,150,450
953,10-04-2023,CUST0172,Male,49,Clothing,4,200,800
954,25-05-2023,CUST0173,Male,18,Beauty,4,200,800
955,21-05-2023,CUST0173,Female,31,Groceries,4,500,2000
956,20-11-2023,CUST0173,Female,33,Home Decor,4,500,2000
957,12-12-2023,CUST0173,Female,49,Groceries,2,150,300
958,03-09-2023,CUST0173,Female,41,Beauty,3,50,150
959,14-02-2023,CUST0173,Female,25,Home Decor,3,100,300
960,05-05-2023,CUST0173,Male,33,Beauty,2,100,200
961,26-05-2023,CUST0174,Female,22,Groceries,1,200,200
962,08-04-2023,CUST0174,Male,40,Groceries,2,500,1000
963,02-05-2023,CUST0174,Male,21,Groceries,3,500,1500
964,15-10-2023,CUST0174,Female,35,Clothing,4,50,200
965,17-08-2023,CUST0174,Female,37,Beauty,3,150,450
966,16-04-2023,CUST0174,Male,34,Home Decor,3,200,600
967,03-12-2023,CUST0174,Male,36,Groceries,4,500,2000
968,18-10-2023,CUST0174,Female,18,Home Decor,2,150,300
969,08-09-2023,CUST0175,Female,20,Electronics,4,200,800
970,28-03-2023,CUST0175,Female,50,Clothing,1,150,150
971,21-08-2023,CUST0175,Male,40,Clothing,3,250,750
972,24-06-2023,CUST0175,Male,40,Electronics,4,100,400
973,25-08-2023,CUST0175,Female,42,Clothing,2,100,200
974,10-11-2023,CUST0175,Female,58,Electronics,2,150,300
975,26-04-2023,CUST0175,Female,51,Clothing,3,150,450
976,26-03-2023,CUST0176,Male,39,Groceries,3,50,150
977,05-03-2023,CUST0176,Female,29,Electronics,2,100,200
978,23-02-2023,CUST0176,Male,28,Electronics,3,100,300
979,06-07-2023,CUST0176,Female,33,Electronics,4,150,600
980,27-08-2023,CUST0176,Female,59,Home Decor,4,250,1000
981,03-09-2023,CUST0177,Female,43,Beauty,3,150,450
982,20-03-2023,CUST0177,Male,25,Home Decor,4,250,1000
983,11-09-2023,CUST0177,Male,34,Groceries,1,200,200
984,08-01-2023,CUST0177,Male,43,Home Decor,4,500,2000
985,15-12-2023,CUST0177,Male,29,Groceries,2,500,1000
986,12-03-2023,CUST0177,Male,54,Groceries,3,200,600
987,02-10-2023,CUST0178,Male,59,Groceries,4,250,1000
988,27-01-2023,CUST0178,Male,46,Home Decor,1,500,500
989,15-11-2023,CUST0178,Female,19,Clothing,1,500,500
990,22-12-2023,CUST0178,Female,36,Clothing,1,150,150
991,14-11-2023,CUST0178,Female,46,Home Decor,2,200,400
992,25-11-2023,CUST0178,Male,36,Home Decor,3,50,150
993,28-05-2023,CUST0178,Male,49,Home Decor,2,100,200
994,05-01-2023,CUST0178,Female,40,Beauty,1,500,500
995,20-11-2023,CUST0179,Male,51,Groceries,2,50,100
996,16-04-2023,CUST0179,Male,24,Home Decor,3,100,300
997,08-06-2023,CUST0179,Female,52,Electronics,1,250,250
998,05-12-2023,CUST0179,Male,49,Clothing,3,200,600
999,10-05-2023,CUST0180,Female,41,Electronics,4,500,2000
1000,02-09-2023,CUST0180,Male,41,Electronics,3,250,750
1001,04-01-2023,CUST0180,Male,43,Clothing,4,50,200
1002,13-08-2023,CUST0180,Male,45,Electronics,3,200,600
1003,16-04-2023,CUST0181,Male,19,Clothing,4,200,800
1004,18-04-2023,CUST0181,Male,43,Beauty,4,100,400
1005,20-06-2023,CUST0181,Male,20,Home Decor,3,100,300
1006,10-10-2023,CUST0181,Male,19,Electronics,4,100,400
1007,12-11-2023,CUST0181,Female,47,Home Decor,2,200,400
1008,08-10-2023,CUST0181,Female,27,Home Decor,2,50,100
1009,29-11-2023,CUST0181,Female,58,Clothing,3,250,750
1010,27-07-2023,CUST0182,Male,39,Electronics,4,100,400
1011,29-12-2023,CUST0182,Male,58,Clothing,4,100,400
1012,30-03-2023,CUST0182,Female,29,Electronics,4,100,400
1013,20-07-2023,CUST0182,Female,49,Electronics,2,200,400
1014,08-02-2023,CUST0182,Female,19,Electronics,3,200,600
1015,13-06-2023,CUST0182,Female,44,Clothing,3,50,150
1016,19-03-2023,CUST0182,Female,46,Home Decor,1,200,200
1017,06-12-2023,CUST0182,Male,56,Groceries,2,500,1000
1018,23-12-2023,CUST0183,Female,41,Clothing,4,100,400
1019,28-11-2023,CUST0183,Female,23,Home Decor,1,200,200
1020,22-01-2023,CUST0183,Female,33,Groceries,4,50,200
1021,06-04-2023,CUST0183,Male,53,Home Decor,2,500,1000
1022,14-07-2023,CUST0183,Male,49,Groceries,3,150,450
1023,29-05-2023,CUST0183,Female,31,Home Decor,4,50,200
1024,28-03-2023,CUST0183,Female,24,Home Decor,1,50,50
1025,06-11-2023,CUST0183,Male,51,Groceries,1,150,150
1026,09-12-2023,CUST0184,Female,31,Beauty,1,250,250
1027,14-10-2023,CUST0184,Male,34,Home Decor,3,500,1500
1028,09-07-2023,CUST0184,Male,49,Groceries,3,200,600
1029,18-10-2023,CUST0184,Male,26,Groceries,2,50,100
1030,05-04-2023,CUST0184,Female,19,Groceries,1,200,200
1031,07-08-2023,CUST0184,Male,25,Electronics,4,200,800
1032,23-02-2023,CUST0185,Female,28,Groceries,2,100,200
1033,16-01-2023,CUST0185,Male,37,Beauty,1,100,100
1034,21-04-2023,CUST0185,Male,34,Clothing,1,200,200
1035,22-11-2023,CUST0185,Female,46,Beauty,1,150,150
1036,07-07-2023,CUST0185,Male,22,Beauty,4,200,800
1037,19-04-2023,CUST0186,Female,26,Home Decor,3,500,1500
1038,02-10-2023,CUST0187,Female,44,Groceries,3,250,750
1039,07-07-2023,CUST0188,Male,39,Home Decor,4,250,1000
1040,31-12-2023,CUST0189,Female,36,Home Decor,4,100,400
1041,12-12-2023,CUST0190,Female,43,Beauty,1,200,200
1042,17-05-2023,CUST0191,Female,36,Beauty,4,500,2000
1043,03-06-2023,CUST0192,Female,44,Beauty,2,100,200
1044,02-10-2023,CUST0193,Female,23,Home Decor,2,50,100
1045,08-08-2023,CUST0194,Male,52,Beauty,4,500,2000
1046,20-09-2023,CUST0195,Male,56,Groceries,4,50,200
1047,03-06-2023,CUST0196,Female,29,Beauty,3,250,750
1048,15-02-2023,CUST0197,Male,41,Electronics,1,50,50
1049,28-04-2023,CUST0198,Female,21,Beauty,4,50,200
1050,07-01-2023,CUST0199,Female,28,Home Decor,2,50,100
1051,03-08-2023,CUST0200,Male,40,Clothing,4,150,600
1052,09-11-2023,CUST0201,Female,42,Groceries,3,50,150
1053,13-06-2023,CUST0202,Female,31,Beauty,2,200,400
1054,30-09-2023,CUST0203,Male,33,Home Decor,1,250,250
1055,05-08-2023,CUST0204,Male,55,Clothing,3,250,750
1056,05-03-2023,CUST0205,Female,55,Electronics,2,500,1000
1057,03-12-2023,CUST0206,Female,58,Clothing,2,50,100
1058,02-11-2023,CUST0207,Female,44,Home Decor,1,50,50
1059,24-08-2023,CUST0208,Male,51,Home Decor,1,200,200
1060,06-08-2023,CUST0209,Female,18,Clothing,1,250,250
1061,18-10-2023,CUST0210,Female,41,Beauty,4,100,400
1062,01-09-2023,CUST0211,Male,44,Electronics,2,200,400
1063,16-01-2023,CUST0212,Male,48,Home Decor,1,50,50
1064,08-02-2023,CUST0213,Female,43,Electronics,4,500,2000
1065,07-06-2023,CUST0214,Female,28,Clothing,4,200,800
1066,10-08-2023,CUST0215,Female,35,Clothing,1,250,250
1067,14-09-2023,CUST0216,Male,43,Clothing,1,500,500
1068,11-03-2023,CUST0217,Female,25,Beauty,1,100,100
1069,23-12-2023,CUST0218,Female,59,Electronics,2,250,500
1070,12-01-2023,CUST0219,Female,47,Beauty,3,50,150
1071,03-09-2023,CUST0220,Male,29,Groceries,1,150,150
1072,09-07-2023,CUST0221,Male,32,Clothing,4,250,1000
1073,21-06-2023,CUST0222,Female,35,Beauty,3,150,450
1074,29-07-2023,CUST0223,Female,55,Groceries,2,50,100
1075,30-12-2023,CUST0224,Male,48,Clothing,3,200,600
1076,29-07-2023,CUST0225,Female,51,Groceries,4,500,2000
1077,21-06-2023,CUST0226,Male,23,Clothing,1,50,50
1078,26-03-2023,CUST0227,Male,33,Home Decor,4,200,800
1079,28-06-2023,CUST0228,Male,26,Clothing,1,500,500
1080,03-08-2023,CUST0229,Male,59,Groceries,4,150,600
1081,08-09-2023,CUST0230,Male,32,Groceries,3,150,450
1082,05-12-2023,CUST0231,Female,45,Groceries,3,150,450
1083,06-01-2023,CUST0232,Female,55,Groceries,1,150,150
1084,08-03-2023,CUST0233,Female,25,Clothing,4,200,800
1085,26-03-2023,CUST0234,Male,25,Groceries,3,50,150
1086,12-11-2023,CUST0235,Female,30,Groceries,1,500,500
1087,14-08-2023,CUST0236,Male,39,Electronics,1,200,200
1088,01-01-2023,CUST0237,Female,33,Electronics,1,100,100
1089,12-01-2023,CUST0238,Male,34,Home Decor,2,500,1000
1090,06-10-2023,CUST0239,Male,23,Groceries,3,50,150
1091,18-01-2023,CUST0240,Female,30,Beauty,2,200,400
1092,26-05-2023,CUST0241,Male,45,Beauty,4,150,600
1093,09-06-2023,CUST0242,Male,26,Home Decor,4,50,200
1094,09-03-2023,CUST0004,Female,51,Beauty,2,500,1000
1095,07-10-2023,CUST0244,Female,56,Groceries,1,250,250
1096,25-01-2023,CUST0245,Female,35,Clothing,2,100,200
1097,28-10-2023,CUST0246,Female,29,Groceries,2,50,100
1098,27-05-2023,CUST0004,Male,56,Groceries,2,500,1000
1099,14-01-2023,CUST0248,Female,41,Electronics,1,150,150
1100,02-08-2023,CUST0249,Male,36,Clothing,4,200,800
1101,14-12-2023,CUST0250,Female,50,Beauty,4,150,600
1102,29-06-2023,CUST0251,Male,54,Clothing,3,100,300
1103,17-06-2023,CUST0004,Female,55,Groceries,2,200,400
1104,06-11-2023,CUST0253,Female,33,Home Decor,4,150,600
1105,22-06-2023,CUST0254,Female,25,Home Decor,3,500,1500
1106,26-03-2023,CUST0255,Female,57,Groceries,1,50,50
1107,06-03-2023,CUST0256,Female,40,Beauty,4,150,600
1108,18-12-2023,CUST0257,Female,30,Beauty,2,50,100
1109,09-11-2023,CUST0258,Male,40,Beauty,1,200,200
1110,29-03-2023,CUST0259,Male,57,Beauty,2,100,200
1111,06-12-2023,CUST0260,Male,23,Beauty,1,250,250
1112,19-04-2023,CUST0261,Male,48,Groceries,2,250,500
1113,26-06-2023,CUST0262,Male,37,Groceries,2,250,500
1114,02-04-2023,CUST0263,Male,45,Electronics,2,50,100
1115,27-02-2023,CUST0011,Female,58,Beauty,1,250,250
1116,07-02-2023,CUST0265,Female,28,Clothing,4,150,600
1117,21-12-2023,CUST0266,Male,41,Beauty,2,50,100
1118,10-12-2023,CUST0031,Male,52,Electronics,4,50,200
1119,06-05-2023,CUST0268,Male,51,Electronics,4,100,400
1120,30-07-2023,CUST0269,Male,33,Beauty,1,50,50
1121,11-02-2023,CUST0270,Male,50,Clothing,4,200,800
1122,26-12-2023,CUST0271,Male,35,Clothing,1,250,250
1123,14-02-2023,CUST0272,Female,38,Clothing,2,50,100
1124,17-02-2023,CUST0011,Male,56,Clothing,2,500,1000
1125,01-09-2023,CUST0274,Female,41,Home Decor,1,50,50
1126,15-01-2023,CUST0275,Female,57,Electronics,1,50,50
